{"cameraMode":{"drawMode":0,"name":"Shaded","section":"Shading Mode"},"sceneLighting":true,"audioPlay":false,"sceneViewState":{"m_AlwaysRefresh":false,"showFog":true,"showSkybox":true,"showFlares":true,"showImageEffects":true,"showParticleSystems":true,"showVisualEffectGraphs":true,"m_FxEnabled":true},"in2DMode":false,"pivot":{"x":1.464843988418579,"y":0.5912362337112427,"z":0.13994693756103517},"rotation":{"x":0.0029845628887414934,"y":-0.08244848996400833,"z":0.00071023462805897,"w":0.9965924620628357},"size":4.399684906005859,"orthographic":false}